{"type":"footer","name":"t:static_sections.footer.name","sections":{"footer":{"type":"footer","blocks":{"footer-block-customer-support-1":{"type":"customer_support","settings":{"title":"Customer service","customer_support_img_width":220,"customer_support_offset_right":30,"customer_support_offset_bottom":0,"extra_customer_support":"<p>The Ultimate Destination for All Your Beauty Needs<\/p>","show_phone_link":true,"show_mail_link":true,"show_whatsapp_link":true,"customer_support_offset_right_mobile":0,"customer_support_offset_bottom_mobile":0}},"footer-block-socials-newsletter-1":{"type":"socials_newsletter","settings":{"title":"Follow us","show_socials":true,"enable_follow_on_shop":false,"show_newsletter":true,"footer_button_color":"accent","enable_newsletter_terms_checkbox":false,"newsletter_terms_text":""}},"footer-block-menu-1":{"type":"menu","settings":{"menu":"footer","split_menu":false}}},"block_order":["footer-block-customer-support-1","footer-block-socials-newsletter-1","footer-block-menu-1"],"settings":{"footer_color":"black","bottom_color":"white","bottom_img_width":50,"bottom_img_link":"","bottom_svg_img":"","enable_country_selector":true,"enable_language_selector":false,"enable_follow_on_shop":false,"show_payment_methods":true,"spacing_desktop":0,"spacing_mobile":0}}},"order":["footer"]}