{"type":"header","name":"t:static_sections.header.name","sections":{"announcement":{"type":"announcement-bar","settings":{"color_palette":"accent","text":"<p>FREE SHIPPING OVER 29.99 JOD<\/p>"}},"header":{"type":"header","blocks":{"header-block-usp-2":{"type":"usp","settings":{"usp":"<p><strong>FREE DELIVERY ON ORDERS OVER 99 JOD<\/strong><\/p>"}}},"block_order":["header-block-usp-2"],"custom_css":["#nav > ul > li > a,#nav-bar > ul > li > a {font-size: 16px !important;}","#nav i {font-size: 4px !important;}","#nav-user > ul > li {margin: 0px 10px !important;}","#nav-user > ul > li:nth-of-type(3) {margin: 0px 18px 0px 10px !important;}"],"settings":{"layout":"layout_1","header_width":"boxed","top_bar_color":"light","header_color":"dark","search_color":"light","menubar_color":"dark","logo":"shopify:\/\/shop_images\/Logo_VIP-01.png","logo_width":70,"svg_logo":"","show_top_bar":false,"enable_country_selector":false,"enable_language_selector":true,"navbar_menu_item_text":"","navbar_menu_item_link":"shopify:\/\/pages\/contact","enable_usp_slider":true,"enable_usp_slider_arrows":true,"enable_usp_slider_autoplay":true,"usp_slider_autoplay_seconds":3,"enable_sticky_header":true,"sticky":"sticky-header","cart_icon":"cart|e903","cart_icon_color":"positive","menubar_menu":"main-menu","menu_layout":"dropdown","show_dropdown_images":true,"show_dropdown_images_autofill":false,"menubar_center":true,"menubar_divide_evenly":false,"main_menu_items_clickable":true,"menubar_caps":true,"sale_highlight":true,"sale_highlight_item":"Sale","menu_font":"title","menu_items_limit":5,"enable_socials":true,"extra_image_width":130,"extra_image_svg":"","extra_image_link":"","disable_online_store":false,"logo_width_mobile":140,"mobile_svg_logo":"","search_compact_mobile":false}}},"order":["announcement","header"]}