{"sections":{"breadcrumbs":{"type":"breadcrumbs","settings":{"hide_mobile":false}},"main-cart":{"type":"main-cart","blocks":{"usp_HnChXb":{"type":"usp","settings":{"usp":"<p>Give your customers more details.<\/p>"}},"2e80a36d-6430-46c3-9e9d-1dee82e7df53":{"type":"shipping_timer","settings":{}}},"block_order":["usp_HnChXb","2e80a36d-6430-46c3-9e9d-1dee82e7df53"],"settings":{"show_dynamic_buybutton":true,"enable_giftcard_or_discount_tab":true,"show_payment_methods":true,"show_order_notes":true,"order_notes_alignment":"right","enable_terms_checkbox":false,"terms_text":"<p>I accept the <a href=\"\/policies\/privacy-policy\" title=\"Privacy Policy\">privacy policy<\/a><\/p>"}}},"order":["breadcrumbs","main-cart"]}