{"sections":{"breadcrumbs":{"type":"breadcrumbs","settings":{"hide_mobile":false}},"main-collection":{"type":"main-collection","blocks":{"title":{"type":"title","settings":{"text_alignment":"left","title":""}},"sorting":{"type":"sorting","disabled":true,"settings":{}},"product_grid":{"type":"product_grid","settings":{}},"423fb7f6-2c97-4420-8211-d45378349d2a":{"type":"description","disabled":true,"settings":{"text_alignment":"left","enable_read_more":false,"text":""}}},"block_order":["title","sorting","product_grid","423fb7f6-2c97-4420-8211-d45378349d2a"],"settings":{"pagination_qty":48,"pagination_type":"button","show_amount_of_products_in_collection":true,"productview_type":"grid","products_per_row":5,"show_collection_image":true,"enable_filters":true,"enable_menu":false,"enable_collections":false,"filters_menu_alignment":"left","filter_menu":"","collections_menu":[],"filter_sticky":false,"filters_show_more_limit":2,"image_swatches_size":"s","image_swatches_fill_images":true,"image_swatches_show_in_circle":true,"enable_quick_buy_desktop":true,"enable_quick_buy_mobile":true,"enable_quick_buy_drawer":true,"enable_quick_buy_qty_selector":true,"enable_color_picker":true,"enable_quick_buy_compact":true,"products_per_row_mobile":"2","filter_mobile_sticky":true}}},"order":["breadcrumbs","main-collection"]}