{"sections":{"1660291177d9f45101":{"type":"section-collection-list","custom_css":[],"settings":{"collections":["hair-color","foundation-1","eyes","deodorant","cleanser","candles","brows","lips","perfume","bath-body","accessories","skin-care","sunglasses","makeup","hair-care"],"image_ratio":"square","fill_images":true,"layout":"slider","number_of_items":5,"text_alignment":"center","title_size":"h1","title":"Shop By Category","link_text":"View all","link_url":"shopify:\/\/collections","button_color_palette":"accent","show_link":true,"collection_title_size":"h2","mobile_layout":"slider","spacing_desktop":50,"spacing_mobile":30}},"1660291161fe2caafb":{"type":"section-gallery","blocks":{"1660291161347c9da8-0":{"type":"image","settings":{"image":"shopify:\/\/shop_images\/19739.jpg","overlay_opacity":0,"color_palette":"light","button_color_palette":"light","text_position":"align-bottom text-center","title_size":"h1","title":"","text":"","link_text":"WELCOME TO BRAND VIP","link_url":"shopify:\/\/collections\/all","show_link":true,"title_size_mobile":"mobile-size-18"}},"1660291161347c9da8-1":{"type":"image","settings":{"image":"shopify:\/\/shop_images\/fresh-scent-purple-flower-glass-bottle-generative-ai.jpg","overlay_opacity":0,"color_palette":"white","button_color_palette":"light","text_position":"align-bottom text-center","title_size":"h1","title":"","text":"","link_text":"CHECK OR BEST PERFUME","link_url":"shopify:\/\/collections\/perfume","show_link":true,"title_size_mobile":"mobile-size-18"}},"1660291161347c9da8-2":{"type":"image","settings":{"image":"shopify:\/\/shop_images\/young-woman-applies-luxury-make-up-with-creativity-generated-by-ai.jpg","overlay_opacity":0,"color_palette":"white","button_color_palette":"white","text_position":"align-bottom text-center","title_size":"h1","title":"","text":"","link_text":"ENHANCE YOUR BEAUTY","link_url":"shopify:\/\/collections\/lips","show_link":true,"title_size_mobile":"mobile-size-18"}}},"block_order":["1660291161347c9da8-0","1660291161347c9da8-1","1660291161347c9da8-2"],"disabled":true,"settings":{"items_layout":"playful-grid","items_width":2,"height":"size-s","width":"boxed","space_between":16,"image_zoom":true,"image_move":false,"show_content_on_hover":false,"content_on_hover_color_palette":"dark","layout_mobile":"rows","mobile_height":"size-s","spacing_desktop":50,"spacing_mobile":30}},"ac0d29b5-2f27-477b-b13d-51f8783fafd0":{"type":"section-featured-products","custom_css":[".swiper-outer {padding: 5px 0px;}",".swiper-slide {border: 1px solid #ddd !important; padding: 0px 10px;}",".swiper-slide li div h3 a {display: block; height: 1.8em; line-height: 1.2em; overflow: hidden; text-overflow: ellipsis; white-space: nowrap;}"],"settings":{"products":["jean-paul-gaultier-divine-edp-50ml-perfume-for-women","versace-dylan-turquoise-pour-femme-100ml-edt-perfume-for-women","boss-troper-mens-watch-1514099","boss-brown-analog-on-brown-leather-strap-1514100","calvin-klein-25200340for-women","versace-vepm00420-running-new-men-watch","roomoi-ambre-deep-reed-diffuser-500ml","roomoi-fleur-breezy-reed-diffuser-500ml","essence-jelly-grip-hydrating-primer-green-29ml","lattafa-niche-emarati-perfumes-vintage-castle-100ml-edp-unisex-perfume","urban-care-coconut-coffee-regenerating-smoothing-body-wash-500-ml"],"layout":"slider","number_of_items":5,"text_alignment":"center","title_size":"h1","title":"New Arrival","text":"","link_text":"All New New Arrival Products","link_url":"shopify:\/\/collections\/all","button_color_palette":"black","show_link":true,"enable_quick_buy_desktop":true,"enable_quick_buy_mobile":true,"enable_quick_buy_drawer":false,"enable_quick_buy_qty_selector":true,"enable_color_picker":false,"enable_quick_buy_compact":true,"mobile_layout":"slider","spacing_desktop":50,"spacing_mobile":30}},"section_image_7Fx9mH":{"type":"section-image","settings":{"image":"shopify:\/\/shop_images\/Brand_Vip_Cover-01_1.jpg","overlay_opacity":0,"color_palette":"white","button_color_palette":"accent","layout":"image-left","text_position":"text-center","title_size":"h1","title":"Exclusive Offer Now!","text":"<p><strong>BIODERMA SPF 50 TINTED 50% OFF SPECIAL OFFER BUY NOW<\/strong><\/p>","link_text":"Get it now!","link_url":"shopify:\/\/products\/bioderma-photoderm-ar-sun-active-defense-spf-50","show_link":false,"width_mobile":"boxed","mobile_height":"size-s","title_size_mobile":"mobile-size-18","spacing_desktop":30,"spacing_mobile":30}},"1662644676f2b34df9":{"type":"section-gallery","blocks":{"166264467598e706b2-1":{"type":"image","settings":{"image":"shopify:\/\/shop_images\/12704.jpg","overlay_opacity":0,"color_palette":"white","button_color_palette":"accent","text_position":"text-center","title_size":"h2","title":"","text":"","link_text":"","link_url":"shopify:\/\/collections\/body-scrub","show_link":false,"title_size_mobile":"mobile-size-18"}},"166264467598e706b2-2":{"type":"image","settings":{"image":"shopify:\/\/shop_images\/33878.jpg","overlay_opacity":0,"color_palette":"white","button_color_palette":"accent","text_position":"text-center","title_size":"h2","title":"","text":"","link_text":"","link_url":"shopify:\/\/collections\/eyes","show_link":false,"title_size_mobile":"mobile-size-18"}},"166264467598e706b2-0":{"type":"image","settings":{"image":"shopify:\/\/shop_images\/9771.jpg","overlay_opacity":0,"color_palette":"white","button_color_palette":"light","text_position":"align-bottom text-center","title_size":"h1","title":"","text":"","link_text":"THE BEST FOUNDATION COLLECTION","link_url":"shopify:\/\/collections\/foundation-1","show_link":true,"title_size_mobile":"mobile-size-18"}}},"block_order":["166264467598e706b2-1","166264467598e706b2-2","166264467598e706b2-0"],"disabled":true,"settings":{"items_layout":"playful-grid-inv","items_width":2,"height":"size-s","width":"boxed","space_between":16,"image_zoom":true,"image_move":false,"show_content_on_hover":false,"content_on_hover_color_palette":"dark","layout_mobile":"rows","mobile_height":"size-s","spacing_desktop":50,"spacing_mobile":30}},"16602912025c583cc8":{"type":"section-featured-collection","custom_css":[".swiper-outer {padding: 5px 0px;}",".swiper-slide {border: 1px solid #ddd !important; padding: 0px 10px;}",".swiper-slide li div h3 a {display: block; height: 1.2em; line-height: 1.2em; overflow: hidden; text-overflow: ellipsis; white-space: nowrap;}"],"settings":{"collection":"beauty-electronics","layout":"slider","limit":8,"number_of_items":5,"text_alignment":"center","title_size":"size-50","title":"The Best Products","text":"","link_text":"View all","button_color_palette":"accent","show_link":false,"enable_quick_buy_desktop":true,"enable_quick_buy_mobile":true,"enable_quick_buy_drawer":false,"enable_quick_buy_qty_selector":true,"enable_color_picker":true,"enable_quick_buy_compact":true,"mobile_layout":"slider","spacing_desktop":105,"spacing_mobile":30}},"16605537948e81aa7a":{"type":"section-image-with-products","settings":{"image":"shopify:\/\/shop_images\/18484.jpg","overlay_opacity":0,"color_palette":"dark","button_color_palette":"dark","layout":"image-left","products":["daniel-klein-3118-c3-polarized-sunglasses","daniel-klein-3160-c6-polarized-mens-sunglasses","daniel-klein-3230-c1-polarized-mens-sunglasses","daniel-klein-3239-c3-polarized-sunglasses","daniel-klein-4177-c3-polarized-sunglasses","daniel-klein-4187-c3-polarized-sunglasses"],"text_position":"text-center","title_size":"h1","title":"","text":"","link_text":"Button","link_url":"","show_link":false,"enable_quick_buy_desktop":true,"enable_quick_buy_mobile":true,"enable_quick_buy_drawer":false,"enable_quick_buy_qty_selector":true,"enable_color_picker":false,"enable_quick_buy_compact":true,"width_mobile":"boxed","mobile_height":"size-s","title_size_mobile":"mobile-size-18","spacing_desktop":50,"spacing_mobile":30}},"1662644641662a3424":{"type":"section-promo-gallery","blocks":{"1662644641f8605a6c-0":{"type":"image","settings":{"image":"shopify:\/\/shop_images\/29854.jpg","overlay_opacity":0,"color_palette":"black","button_color_palette":"accent","text_position":"text-center","title_size":"h2","title":"Brand VIP Watches","text":"<p>Explore our stunning collection of elegant timepieces.<\/p>","link_text":"CHECK IT NOW","link_url":"shopify:\/\/collections\/watches","show_link":false,"title_size_mobile":"mobile-size-18"}},"1662644641f8605a6c-1":{"type":"image","settings":{"image":"shopify:\/\/shop_images\/39698.jpg","overlay_opacity":0,"color_palette":"dark","button_color_palette":"accent","text_position":"text-center","title_size":"h2","title":"Brand VIP Wallets","text":"<p>Explore Our Range of Wallets<\/p>","link_text":"CHECK IT NOW","link_url":"shopify:\/\/collections\/wallet","show_link":false,"title_size_mobile":"mobile-size-18"}}},"block_order":["1662644641f8605a6c-0","1662644641f8605a6c-1"],"settings":{"items_width":3,"width":"boxed","space_between":16,"image_zoom":true,"layout_mobile":"rows","spacing_desktop":50,"spacing_mobile":30}},"1660291186859914cb":{"type":"section-usp-bar","settings":{"color_palette":"white","layout":"rows","autoplay":false,"autoplay_seconds":3,"show_arrows":false,"spacing_desktop":50,"spacing_mobile":30}}},"order":["1660291177d9f45101","1660291161fe2caafb","ac0d29b5-2f27-477b-b13d-51f8783fafd0","section_image_7Fx9mH","1662644676f2b34df9","16602912025c583cc8","16605537948e81aa7a","1662644641662a3424","1660291186859914cb"]}