{"sections":{"breadcrumbs":{"type":"breadcrumbs","settings":{"hide_mobile":false}},"16600577754dc9d1c6":{"type":"section-slideshow","blocks":{"1660057774ac015cbe-0":{"type":"slide","settings":{"layout":"background","overlay_opacity":0,"color_palette":"light_gradient","button_color_palette":"accent","text_position":"text-center","title_size":"h1","title":"Image banner","text":"<p>Highlight a new collection and share details about products related to this image<\/p>","link_text":"Button","link_url":"shopify:\/\/collections\/all","show_link":false,"title_size_mobile":"mobile-size-18"}}},"block_order":["1660057774ac015cbe-0"],"settings":{"height":"s","width":"boxed","autoplay":false,"autoplay_seconds":3,"enable_controls":false,"height_mobile":"m","spacing_desktop":50,"spacing_mobile":30}},"1660057806e4225ceb":{"type":"section-icon-text-blocks","blocks":{"16600578063d5b7bba-0":{"type":"text","settings":{"icon":"delivery_box_2","image_svg":"","image_height":55,"title":"Column","text":"<p>Pair text with an icon or image to focus on services, products, blog posts or collections.<\/p>","link_text":"Button","link_url":"","button_color_palette":"accent","show_link":false}},"16600578063d5b7bba-1":{"type":"text","settings":{"icon":"truck","image_svg":"","image_height":55,"title":"Column","text":"<p>Pair text with an icon or image to focus on services, products, blog posts or collections.<\/p>","link_text":"Button","link_url":"","button_color_palette":"accent","show_link":false}},"16600578063d5b7bba-2":{"type":"text","settings":{"icon":"24_hour_clock","image_svg":"","image_height":55,"title":"Column","text":"<p>Pair text with an icon or image to focus on services, products, blog posts or collections.<\/p>","link_text":"Button","link_url":"","button_color_palette":"accent","show_link":false}},"16600578063d5b7bba-3":{"type":"text","settings":{"icon":"mobile_payment","image_svg":"","image_height":55,"title":"Column","text":"<p>Pair text with an icon or image to focus on services, products, blog posts or collections.<\/p>","link_text":"Button","link_url":"","button_color_palette":"accent","show_link":false}}},"block_order":["16600578063d5b7bba-0","16600578063d5b7bba-1","16600578063d5b7bba-2","16600578063d5b7bba-3"],"settings":{"items_width":4,"text_alignment":"start","title_size":"h1","title":"","text":"","link_text":"Button","link_url":"","button_color_palette":"accent","show_link":false,"blocks_text_alignment":"center","blocks_title_size":"h2","spacing_desktop":50,"spacing_mobile":30}},"16534818921d9da639":{"type":"section-faq","blocks":{"1653481892aca601d3-0":{"type":"text","settings":{"faq_question":"Question 1","icon":"none","faq_answer":"<p>Answer to question 1<\/p>","page":""}},"1653481892aca601d3-1":{"type":"text","settings":{"faq_question":"Question 2","icon":"none","faq_answer":"<p>Answer to question 2<\/p>","page":""}},"1653481892aca601d3-2":{"type":"text","settings":{"faq_question":"Question 3","icon":"none","faq_answer":"<p>Answer to question 3<\/p>","page":""}}},"block_order":["1653481892aca601d3-0","1653481892aca601d3-1","1653481892aca601d3-2"],"settings":{"alignment":"left","title_size":"h2","compact":true,"title":"Frequently asked questions","spacing_desktop":50,"spacing_mobile":30}},"main-page":{"type":"main-page","blocks":{"title":{"type":"title","settings":{"title_size":"h2"}},"content":{"type":"content","settings":{}}},"block_order":["title","content"],"settings":{"text_alignment":"start","spacing_desktop":50,"spacing_mobile":30}}},"order":["breadcrumbs","16600577754dc9d1c6","1660057806e4225ceb","16534818921d9da639","main-page"]}