{"sections":{"breadcrumbs":{"type":"breadcrumbs","settings":{"hide_mobile":false}},"166005794226b48f03":{"type":"section-slideshow","blocks":{"166005794296ae0ec5-0":{"type":"slide","settings":{"layout":"background","overlay_opacity":0,"color_palette":"light_gradient","button_color_palette":"accent","text_position":"text-center","title_size":"h1","title":"Image banner","text":"<p>Highlight a new collection and share details about products related to this image<\/p>","link_text":"Button","link_url":"shopify:\/\/collections\/all","show_link":false,"title_size_mobile":"mobile-size-18"}},"d1052664-3b31-478b-9a46-1a40b162d77a":{"type":"slide","settings":{"layout":"background","overlay_opacity":0,"color_palette":"light_gradient","button_color_palette":"accent","text_position":"text-center","title_size":"h1","title":"Image banner","text":"<p>Highlight a new collection and share details about products related to this image<\/p>","link_text":"Button","link_url":"shopify:\/\/collections\/all","show_link":false,"title_size_mobile":"mobile-size-18"}}},"block_order":["166005794296ae0ec5-0","d1052664-3b31-478b-9a46-1a40b162d77a"],"settings":{"height":"s","width":"wide","autoplay":false,"autoplay_seconds":3,"enable_controls":false,"height_mobile":"m","spacing_desktop":50,"spacing_mobile":30}},"16600579701b9ea466":{"type":"section-image-with-text","blocks":{"166005796961cc60d8-0":{"type":"title","settings":{"title":"Image with text","title_size":"h1"}},"166005796961cc60d8-1":{"type":"text","settings":{"text":"<p>Pair text with an image and tell your customers something about this product, collection, blogpost or a promotion.<\/p>"}},"usp_1":{"type":"usp","settings":{"usp":"<p>Tell a unique detail about this image<\/p>"}},"usp_2":{"type":"usp","settings":{"usp":"<p>Tell a unique detail about this image<\/p>"}},"usp_3":{"type":"usp","settings":{"usp":"<p>Tell a unique detail about this image<\/p>"}},"166005796961cc60d8-3":{"type":"buttons","settings":{"link_text_1":"Button","link_url_1":"\/","button_color_palette_1":"accent","link_text_2":"","link_url_2":"","button_color_palette_2":"light","show_link":false}}},"block_order":["166005796961cc60d8-0","166005796961cc60d8-1","usp_1","usp_2","usp_3","166005796961cc60d8-3"],"settings":{"overlay_opacity":0,"color_palette":"white","layout":"image-left","text_position":"text-start","spacing_desktop":50,"spacing_mobile":30}},"16600579852f4017d4":{"type":"section-image-with-text","blocks":{"1660057985549a4c95-0":{"type":"title","settings":{"title":"Image with text","title_size":"h1"}},"1660057985549a4c95-1":{"type":"text","settings":{"text":"<p>Pair text with an image and tell your customers something about this product, collection, blogpost or a promotion.<\/p>"}},"usp_1":{"type":"usp","settings":{"usp":"<p>Tell a unique detail about this image<\/p>"}},"usp_2":{"type":"usp","settings":{"usp":"<p>Tell a unique detail about this image<\/p>"}},"usp_3":{"type":"usp","settings":{"usp":"<p>Tell a unique detail about this image<\/p>"}},"1660057985549a4c95-3":{"type":"buttons","settings":{"link_text_1":"Button","link_url_1":"\/","button_color_palette_1":"accent","link_text_2":"","link_url_2":"","button_color_palette_2":"light","show_link":false}}},"block_order":["1660057985549a4c95-0","1660057985549a4c95-1","usp_1","usp_2","usp_3","1660057985549a4c95-3"],"settings":{"overlay_opacity":0,"color_palette":"white","layout":"image-right","text_position":"text-start","spacing_desktop":50,"spacing_mobile":30}},"1660058006badb14d4":{"type":"section-logo-list","blocks":{"166005800624ee1e13-0":{"type":"logo","settings":{"image_svg":"","link":""}},"166005800624ee1e13-1":{"type":"logo","settings":{"image_svg":"","link":""}},"166005800624ee1e13-2":{"type":"logo","settings":{"image_svg":"","link":""}},"166005800624ee1e13-3":{"type":"logo","settings":{"image_svg":"","link":""}},"166005800624ee1e13-4":{"type":"logo","settings":{"image_svg":"","link":""}},"166005800624ee1e13-5":{"type":"logo","settings":{"image_svg":"","link":""}}},"block_order":["166005800624ee1e13-0","166005800624ee1e13-1","166005800624ee1e13-2","166005800624ee1e13-3","166005800624ee1e13-4","166005800624ee1e13-5"],"settings":{"number_of_items":4,"text_alignment":"start","title_size":"h1","title":"Brand logo slider","link_text":"Button","link_url":"","button_color_palette":"accent","show_link":false,"spacing_desktop":50,"spacing_mobile":30}},"main-page":{"type":"main-page","blocks":{"title":{"type":"title","settings":{"title_size":"h2"}},"content":{"type":"content","settings":{}}},"block_order":["title","content"],"settings":{"text_alignment":"start","spacing_desktop":50,"spacing_mobile":30}}},"order":["breadcrumbs","166005794226b48f03","16600579701b9ea466","16600579852f4017d4","1660058006badb14d4","main-page"]}