{"layout":"password","sections":{"main-password":{"type":"main-password","blocks":{"d4a8039e-a7c3-4dde-a077-7701ff361d04":{"type":"logo","settings":{"logo_width":250,"svg_logo":""}},"3addd26c-6c17-417a-a85e-d293a1aa453a":{"type":"title","settings":{}},"4d52cf7b-7bec-4558-a84d-9549c98c7811":{"type":"message","settings":{}},"84332a47-a065-4552-b716-c62f46821858":{"type":"password_form","settings":{}},"620dffb6-7d43-409e-a8e3-86934d0d53d5":{"type":"newsletter_form","settings":{}},"646b5382-ba3d-4e85-bbfe-98ece5681fa4":{"type":"social_sharing","settings":{}}},"block_order":["d4a8039e-a7c3-4dde-a077-7701ff361d04","3addd26c-6c17-417a-a85e-d293a1aa453a","4d52cf7b-7bec-4558-a84d-9549c98c7811","84332a47-a065-4552-b716-c62f46821858","620dffb6-7d43-409e-a8e3-86934d0d53d5","646b5382-ba3d-4e85-bbfe-98ece5681fa4"],"settings":{}}},"order":["main-password"]}