{"sections":{"breadcrumbs":{"type":"breadcrumbs","settings":{"hide_mobile":true}},"main-product":{"type":"main-product","blocks":{"c7259cb9-7235-4028-b6df-3a68077fed80":{"type":"title","settings":{"layout":"title-top","title_size":"h1","title":"","show_vendor_brand":true,"show_vendor_name":true,"show_product_rating":true,"share_whatsapp":true,"share_facebook":true,"share_twitter":true,"share_pinterest":true,"share_messenger":true,"share_email":true,"layout_mobile":"title-top"}},"custom_liquid_gBXhU7":{"type":"custom_liquid","settings":{"custom_liquid":"{% assign product_collection_handle = product.collections.first.handle | upcase %}\n\n{% if product_collection_handle %}\n    <p>\n        <a \n            style=\"color:grey; text-decoration: none; font-size: 17px\"\n            onMouseOver=\"this.style.color='red'\" \n            onMouseOut=\"this.style.color='grey'\" \n            href=\"{% if localization.language.iso_code != 'en' %}{{ request.locale.root_url }}\\{% else %}\/{% endif %}collections\/vendors?q={{ product.vendor }}\"\n        >\n            {{ product.vendor }}\n        <\/a>\n    <\/p>\n{% else %}\n    <p style=\"color: #C4B9E8;\">{{ product.vendor }}<\/p>\n{% endif %}"}},"variant_selection_htbxDC":{"type":"variant_selection","repeater":"{{ product.metafields.shopify[\"color-pattern\"].value }}","settings":{"selection_type":"buttons","options":true,"show_variant_images":false,"show_unavailable_variants":true,"enable_selling_plans":true}},"short_description_CqD964":{"type":"short_description","settings":{"show_read_more":true}},"90724a70-740a-4cc9-984c-764e1d76a5bd":{"type":"codes","settings":{"show_sku":true,"show_barcode":true}},"inventory":{"type":"inventory","disabled":true,"settings":{}},"price":{"type":"price","settings":{"show_tax":false}},"buy_button":{"type":"buy_button","settings":{"show_amount_selection":true,"show_dynamic_buybutton":true,"preorder":true,"preorder_button_text":"Pre-order","preorder_label":"","preorder_label_color_palette":"light_2","preorder_show_dynamic_buybutton":true,"show_gift_card_recipient":true}},"e9431daf-3b99-40f6-89ff-dab164cda2ff":{"type":"spacer","disabled":true,"settings":{"height":0}},"80e67d89-9369-4ddb-8111-2aa1c36fb500":{"type":"usp","disabled":true,"settings":{"usp":""}},"ce57c15f-9a2f-4731-8dfe-6ed8eefa9924":{"type":"usp","disabled":true,"settings":{"usp":""}},"52df90b0-c2aa-4ae2-8f31-d18e5a33e088":{"type":"usp","disabled":true,"settings":{"usp":""}}},"block_order":["c7259cb9-7235-4028-b6df-3a68077fed80","custom_liquid_gBXhU7","variant_selection_htbxDC","short_description_CqD964","90724a70-740a-4cc9-984c-764e1d76a5bd","inventory","price","buy_button","e9431daf-3b99-40f6-89ff-dab164cda2ff","80e67d89-9369-4ddb-8111-2aa1c36fb500","ce57c15f-9a2f-4731-8dfe-6ed8eefa9924","52df90b0-c2aa-4ae2-8f31-d18e5a33e088"],"custom_css":[],"settings":{"show_thumbs_desktop":true,"show_thumbs_mobile":true,"images_layout":"aside","show_product_description":true,"product_description_enable_read_more":true,"pros":"","cons":"","specifications":"","product_description_mobile_collapse":true}},"recommendations":{"type":"product-recommendations","settings":{"recommended_products_qty":6,"number_of_items":5,"text_alignment":"start","title_size":"h1","title":"FREQUENTLY BOUGHT TOGETHER","enable_quick_buy_desktop":true,"enable_quick_buy_mobile":true,"enable_quick_buy_drawer":false,"enable_quick_buy_qty_selector":true,"enable_color_picker":true,"enable_quick_buy_compact":true,"spacing_desktop":50,"spacing_mobile":0,"mobile_collapse":true}},"reviews":{"type":"product-reviews","custom_css":[],"settings":{"text_alignment":"start","title_size":"h1","title":"Reviews","spacing_desktop":50,"spacing_mobile":30,"mobile_collapse":false}},"recently-viewed":{"type":"section-recently-viewed-products","custom_css":[],"settings":{"number_of_items":5,"text_alignment":"left","title_size":"h2","title":"Recently viewed products","enable_quick_buy_desktop":true,"enable_quick_buy_drawer":false,"enable_quick_buy_mobile":true,"enable_quick_buy_qty_selector":true,"enable_color_picker":true,"enable_quick_buy_compact":true,"spacing_desktop":50,"spacing_mobile":30}}},"order":["breadcrumbs","main-product","recommendations","reviews","recently-viewed"]}