{"current":{"optionName":"Color","swatchType":"color","swatchColors":"","swatchStyle":"round","swatchSize":20,"favicon":"shopify:\/\/shop_images\/Logo_VIP-01.png","enable_accessibility_default":false,"banners_clickable":true,"back_to_top_button":true,"body_width":"boxed","palette_white":"#FFFFFF","palette_black":"#1e1f20","palette_light":"#f3f1ee","palette_dark":"#1e1f20","palette_accent":"#e93d3d","palette_light_2":"#f3f1ee","palette_light_gradient":"linear-gradient(146deg, rgba(217, 221, 206, 1) 4%, rgba(255, 255, 255, 1) 99%)","palette_dark_gradient":"linear-gradient(167deg, rgba(233, 61, 61, 1) 3%, rgba(233, 97, 70, 1) 100%)","title_color":"black","text_color":"black","body_background_color":"#FFFFFF","positive_vibes":"#e93d3d","negative_vibes":"#e93d3d","regular_button_color":"#ff824c","buy_button_color":"#e93d3d","buy_button_text_color":"#ffffff","dynamic_buy_button_color":"#1e1f20","dropdown_color":"black","price_color":"#1e1f20","compare_at_price_color":"#e93d3d","product_label_color":"#e93d3d","product_label_text_color":"#ffffff","sale_label_color":"#e93d3d","sale_label_text_color":"#ffffff","heading_font":"domine_n7","body_font":"garamond_n4","mobile_font_size":"18px","product_image_ratio":"310x430","fill_product_images":false,"show_secondary_image":false,"multiply_product_images":false,"multiply_collection_images":"multiply","everything_rounded":true,"button_height":"size-l","button_style":"solid","button_rounded":"slightly-rounded","button_font":"body","enable_cart_drawer":true,"empty_cart_text":"<p>From Empty to Tasty: Fill Your Cart with Guilt-Free Goodies!<\/p>","cart_drawer_checkout_button":true,"enable_cart_drawer_upsell_complementary":true,"enable_cart_drawer_upsell_related":true,"enable_cart_drawer_upsell_variants":true,"search_drawer_show_vendor":true,"productcards_text_alignment":"center","show_stock_label":false,"stock_label_qty":2,"product_custom_label":"","show_product_stock":false,"show_product_stock_qty":1,"show_product_stock_always":true,"show_product_rating":false,"show_vendor":false,"show_preorder":true,"show_preorder_inventory":true,"product_short_description":"none","product_short_description_text":"","product_titles_caps":false,"enable_color_swatches":true,"color_swatch_name":"Color\ncolor\nاللون\nلون","color_swatch_hexes":"01 IVORY:#DEBBA7\n02 WARM BEIGE:#E4C0A8\n03 COOL SAND:#DEB9A7\n04 BEIGE:#DBB299\n05 COOL BEIGE:#D4A68A\n06 LIGHT PEACH:#CC9276\n07 PEACH:#D2A289\n01 Porcelain:#cfb192\n02 Cream Beige:#c6a78c\n03 Natural Beige:#c4957d\n04 Honey Beige:#c1967b\n05 Tan Beige:#b8886b\n06 Dark Beige:#aa7557\n00 ALABASTER:#e9d7c3\n01 Rose:#e0c4ac\n02 Caramel:#d5b9a3\n03 Beige:#d5af8d\n04 Peachy Beige:#cda07f\n05 LIGHT TAN:#c89b7a\n06 TAN:#b4886f\n3A PEANUT:#cba07c\n01 ALABASTER:#f9dbc3\n02 Rosy:#edc7b5\n06 Medium Tan:#d0a089\n08 CINNAMON:#c18677\n09 TOFFEE:#b6897c\n00:#e3bba1\n01:#e3bba1\n02:#d0a88f\n03:#d1a588\n04:#caa185\n05:#cf9f82\n06:#cf9f82\n95:#f8eae4\n102:#ffe1c9\n105:#ffdec9\n110:#ffecd9\n115:#f3d7c7\n122:#fdc295\n140:#dbb08b\n50:#fcdebc\n51:#fbd4ad\n52:#edc5a2\nNATURAL 1:#f0d1b9\nCOCKTAIL 4:ffd9b9\nGOLDEN BEIGE 6:#edb9a4\nTRANSPARENT 00:#eedbd9\nHighlight 01:#f8e5e1\nLight Ochre 02:#f1daa8\nIvory 03:#fadbbc\nNude 04:#efc7a4\nBeige 05:#dbb497\nCaramel 06:#d0ac8c\nMedium Beige 07:#c68c67\nBeige Orange 08:#be8769\nNatural 02:#e0c4af\nRose 04:#f2b7d1\nWhite 05:#fcfcfc\nYellow 06:#ead7a8\nMint 07:#c7e2c5\nPeach 08:#c08f71\nDark Beige 09:#ecc5b4\nPale Rose 01:#bb8289\nHazelnut 02:#D19283\nCafe Au Lait 03:#c8927a\nApple Cider 09:#b96a5d\nRose-04:#b5746f\nCeramic 10:#c47662\nPure Blush 13:#dc8993\nSweet Brown-14:#ba726e\nRosy Blush 15:#b97f7b\nSweet Brown-16:#ac7968\nRose 01:#bb8289\nCinnamon 02:#D19283\nBlush 03:#ce8677\nHazelnut 04:#e1a492\nPearl 05:#d86f6c\nPearl 06:#de9491\nPearl 07:#e890a0\nPearl 10:#963f46\nPearl 11:#c06b73\nPale 09:#d28491\nSunset 10:#b72841\nCool Nude 01:#d09187\nWarm Natural 02:#de8b84\nFlushed 03:#ed7367\nHappy 04:#e27d7e\nNude Rose 05:#d5767e\nRose 06:#e67a91\nCotton Candy 11:#ed90b5\nExcited 07:#e43252\nPink-08:#f380b2\nMatlishious 01:#ca9a96\nMatlishious 02:#bc807f\nMatlishious 03:#e09f9c\nMatlishious 04:#ae6a61\nMatlishious 05:#9d6b6a\nMatlishious 06:#be5c65\nMatlishious 07:#c26f7f\nMatlishious 08:#d48999\nMatlishious 09:#a06365\nMatlishious 10:#931a2e\nMatlishious 11:#be3f4c\nMatlishious 12:#832433\nMatlishious 13:#831924\nMatlishious 14:#a84359\nMatlishious 15:#512d35\nMatlishious 16:#622729\nMatlishious 17:#ba404f\nMatlishious 20:#ba71a9\nMatlishious 22:#931f20\nMatlishious 25:#844f6d\nMatlishious 27:#be7483\nMatlishious 28:#be7272\nMatlishious 30:#c84e77\nMatlishious 34:#c25d95\nMatlishious 35:#4f2236\nMatlishious 39:#f23d42\nMatlishious 40:#f4859f\nMatlishious 41:#b96079\nMatlishious 42:#8b3f63\nAllday 01:#e28aa3\nAllday  02:#db9583\nAllday  03:#b79085\nAllday 04:#9c484a\nAllday 05:#a24d43\nAllday 06:#c04057\nAllday 07:#bc2026\nAllday 08:#8d0e1a\nAllday 11:#ac617f\nAllday 28:#aa390e\nAllday 31:#d6938b\nAllday 32:#b16160\nAllday 58:#b2153d\nRetro 60:#94645a\nUrban Twist 61:#964f55\nAllday 62:#835259\nAllday 65:#6b2146\nAllday 80:#d95e5b\nAllday 81:#794c46\nAllday 82:#90327e\nAllday 83:#693044\nAllday 84:#8d2d1e\nMetallic Dark Pink 85:#d18188\nMetallic Dark Peach 86:#e36d6f\nAllday 87:#e9c4ad\nAllday 88:#67111a\nOrange Pink 89:#c97e83\nBaby Pink 90:#c87a87\nBM 01:#C5A590\nBM 02:#8B6858\nBM 03:#925F4C\nBM 04:#8E594B\nBM 05:#745B54\nBM 06:#8E7B75\nLight Sand 01:#E5C4A3\nSand 02:#ECCEA9\nSoft Sand 03:#D7B48F\nPorcelain 04:#DDB89E\nSoft Ivory 05:#E2BCA4\nIvory 06:#D7A98B\nWarm Rose 07:#E1B49E\nGolden Beige 08:#D6A080\nDeep Beige 09:#C09377\nHazelnut 10:#A36036\nWalnut 11:#8E5832\nEspresso 12:#4E261B\n401:#a57779\n402:#c06d6c\n403:#9e545c\n404:#95313d\n405:#db3130\n406:#c02750\n412:#c68f86\n413:#b06f65\n414:#9d554f\n301:#C77168\n302:#C2594B\n303:#874242\n304:#7C2738\n306:#BC061E\n309:#C16C5F\n310:#BE5752\n312:#A44E44\n313:#A74250\n314:#84413B\n315:#693A38\n316:#6D4841\nN01:#5C312B\nN02:#794843\nN03:#BE7764\nN04:#B0573E\nN05:#DF7173\nN06:#CA4C54\nN07:#D9847C\nN08:#A96065\nN09:#72233F\nN12:#6C343D\nN13:#9B2B43\nN14:#C54163\nN16:#DE3F3C\nN18:#8E383B\nLI01:#B56D5C\nLI02:#7E4439\nLI03:#C36955\nLI04:#B15649\nLI05:#A5594C\nLI06:#9B4D51\nLI07:#965357\nLI08:#9A3942\nLI10:#FD5073\nLI11:#E20443\nLI12:#BE022D\nLI13:#CD0A0B\nLI14:#AE021A\nLI16:#511420\nLI17:#933053\nLI18:#A43659\nLF01:#E2B790\nLF02:#F8CEB2\nLF03:#E0AF86\nLF04:#D8B08F\nLF05:#D5AC8B\nLF06:#D0A583\nLF07:#D1A583\nLF08:#CCA17F\nLF101:#CF9F79\nLF105:#D1A188\nLF111:#CFA08B\nLF112:#C99D89\nLF120:#E2B790\nLF121:#E4B98B\nLF122:#E9B67F\nBeige 01:#d1a888\nNatural Beige 02:#c4a081\nMedium Beige 03:#caa278\nSand 04:#caa278\nHoney Beige 05:#c9a076\nDark Honey 06:#a2785a\nDI 01:#A54D47\nDI 03:#A46058\nDI 04:#AD454C\nDI 05:#964F42\nDI 06:#8D3528\nDI 07:#793A35\nDI 10:#663338\nBA 01:#a7754e\nBA 02:#9b7662\nBA 03:#7c5443\nRF 01 :#f9cc9d\nRF 02:#fbc68e\nRF 03 :#e7b486\nRF 04:#fab173\nRF 05:#f0ac69\nRF 06:#e3ad88\nRF 07:#c68e6b\nDP 01:#eec29e\nDP 02:#e5b993\nDP 03:#d9b18e\nDP 04:#d7a682\nDP 05:#cda079\nDP 06:#d0a57f\nDP 07:#ce9f7d\nDP 08:#bd8d6d\nDP 100:#e0b492\nDP 101:#e7b495\nDP 102:#cd9971\nDP 103:#d3b8ad\nDP 111:#d3a592\nDP 112:#d3a191\nDP 120:#deaf8b\nDP 121:#c79b74\nApricot 07:#d99463\nSunny 08:#d78c58\nLP 01:#ebe5e7\nLP 02:#ddc6b6\nLP 03:#ccac8f\nLP 04:#c79f85\nBD 01:#8a7768\nBD 02:#776456\nBD 03 :#413e39\nBeige-01:#f8d0ac\nNatural-Beige 02:#f3b388\nMedium-Beige 03:#e4a479\nSand-04:#fab36d\nCB 01:#FCB59D\nCB 02:#F98F79\nCB 04:#FBA884\nCB 05:#FFA47F\nCB 07:#C16148\nBB 01:#eec5a6\nBB 02:#edddd3\nBB 03:#d8ac8a\nBB 04:#e3b393\nBB 05:#83533d\nBB 06:#713e23\nND 01:#090000\nND 02:#470B0B\nND 03:#053BCA\nND 04:#147C07\nML 01:#D6A494\nML 02:#D67275\nML 03:#BB7571\nrevlon 005:#aa3668\nrevlon 020:#ee9a8e\nrevlon 025:#ae5e60\nrevlon 030:#b8678c\nrevlon 035:#830f39\nrevlon 060:#e38a7c\nrevlon 065:#6d3a3a\nrevlon 085:#aa2d39\nrevlon 095:#cd484b\n170:#ddb089\n270:#eeb48c\n278:#ebc4a5\n285:#d6a179\nTM309:#f4cab1\n370:#e6ad82\n385:#d29566\nTM413:#e1b39b\n470:#dca483\n611:#ddaf9f\n865:#f2cdb2\n965:#e5ba98\nVL 01:#FAA59C\nVL 02:#FE8F7F\nVL 03:#F8A2A5\nVL 04:#E98F76\nVL 05:#D97965\nVL 06:#C44739\nVL 07:#E16D5B\nVL 08:#FC7F76\nVL 09:#FE8D8B\nVL 12:#E3585D\nVL 13:#C6474E\nVL 14:#FC5359\nVL 15:#EC1851\nVL 16:#E2313B\nVL 17:#CD253E\nVL 18:#BF2436\nVL 19:#780E21\nVL 20:#6B2D50\n160:#f6d1b4\n260:#f3d5b9\n360:#f7d4b6\n433:#ead2bb\n434:#eed2b9\n460:#fad6c6\n655:#fbdfc7\n755:#fbdbc4\n855:#fbd9be\n955:#fadec8\nN 01:#E2CEC5\nN 02:#E9DACB\nN 02A:#E7D4CE\nN 03:#E0BE9D\nN 04:#E5C59F\nN 05:#E4AD88\nN 06:#CC8F70\nVery Black 04:#2C2C2C\nChestnut 05:#3E2A23\nReal Brown 06:#38332D\nHazelnut 07:#73533A\nAlmond 08:#5A412D\nDARK BROWN 02:#3F3128\nRED BROWN 03:#71443E\nMEDIUM BROWN 04:#864D3A\nBLOND 05:#B78666\nMatlishious 18:#B4527F\nMatlishious 19:#DE7691\nMatlishious 23:#CD879A\n01 Light:#F2D5AB\n02 Medium:#EFCB91\n10 Light Rose :#d0bfae\n23 Warm Rose :#c7a98c\n30 Light Honey :#b6896b\nML 04:#B33740\nML 05:#853D4D\nML 11:#982F3B\nML 17:#FAA58D\nML 18:#F285B6\nML 20:#AD3E49\nML 21:#C53343\nML 22:#442339\nML 25:#C2494F\nML 26:#C64735\nML 27:#F32682\nML 28:#F84646\nML 29:#622832\nML 30:#C5717B\nML 31:#832640\nML 32:#D4699D\nML 33:#894E68\nML 34:#C12B29\nML 35:#EDBEB3\nML 36:#362229\nML 37:#A63F44\nML 38:#6D2942\nML 39:#EA7E81\nML 40:#D83730\nML 42:#473854\nML 43:#734571\nML 44:#95343A\nML 46:#B15850\nML 47:#9F5A6F\nML 48:#AA5D7F\nML 49:#AA1B27\nML 50:#EF2D3D\nML 51:#E32F77\nML 52:#C8897D\nML 53:#7C476E\nML 55:#3C3236\nML 56:#010101\nML 63:#99525B\nElegant Nude 01:#d99495\nRuby Chocolate 02:#a66e6d\nRose Dust 03:#bc7f7f\n French Kiss 04:#e6928b\nSummer Charm 05:#d66e6b\n Noble Rose 06:#e48b8a\n Proud Pink 07:#bc575a\nGlamor Touch 08:#b85546\n Castle Brick 09:#a34037\nHer Favorite 10:#a64144\nLady Brown 11:#75423d\nBlush Amour 12:#a34752\nRed Elegance 13:#8e2f37\nBold Berry 14:#9b2c3e\nMagestic Red 15:#911f25\n276:#f2d7c9\nP312:#f6d7c8\n411:#f5d0b8\n612:#f3c9b2\n716:#f3c2ac\n812:#f4cab4\n010:#B786A8\n015:#A63C73\n020:#A22166\n040:#BD3C22\n045:#4E0511\n054:#7A2A37\n715:#642F2A\n725:#DF5367\n735:#D73069\n760:#AB3957\n765:#A72977\nIvory110:#ddba94\nNatural Beige220:#E8C7AE\nCappuccino410:#99593e\nNude 200:#b18051\nNatural Beige 220:#d29a7f\nMedium Beige 240:#bf8861\nWarm Golden 310:#dfa77b\nNatural Tan 330:#c5885d\nToast 370:#d08e5b\nCaramel 400:#c48552\nCappuccino 410:#97582c\nBlonde 305:#745949\nSoft Brown 310:#623b2b\nDark Brown 315:#1F1E16\nInfinite Raspberry 005:#af3b3a\nUltimate Wine 140:#c64852\nUnlimited Mulberry 220:#cd838c\nStay Currant 280:#ae3136\nBare Maximum 350:#b9452e\nEverlasting Rum 370:#85352d\nAlways Sienna 380:#ad5a53\nBare Nude`s Soul 010:#e28088\nBest Rose Buddies Forever 020:#c9526c\nBarberry Hopping 030:#c0404f\nHibisKiss-Proof 040:#c23046\nFashion Reditorial 050:#c43530\nMerl` Oh! 060:#933636\nFirst Brown Ticket 070:#82302c\nBronze 03:#563722\nBrown Pearl 05:#432c26\nBlue Diamond 16:#3a5c8c\nColumbian Emerald 23:#668768\nDeep Blue Sea 36:#1b2d56\nMidnight Blue Sky 39:#092e4b\nElectric Blue 45:#002762\nWinter Jade 49:#126b62\nBeige Matt 50:#f4d1bb\nWhite matt 51:#f2ede9\nKissproof 327:#B46D5C\nKissproof 328:#9C4A5F\nKissproof 329:#7B4D42\nKissproof 331:#892F2D\nKissproof 332:#753B4E\nKissproof 334:#914657\nKissproof 337:#AA3C49\nKissproof 338:#86524A\nKissproof 341:#BD5259\nKissproof 342:#864440\nKissproof 344:#A5615A\nKissproof 348:#BD6A73\nKissproof 349:#CE5A63\nKissproof 350:#D3425A\nKissproof 352:#D56678\nKissproof 353:#C85E49\nKissproof 354:#E0596D\nKissproof 358:#D45A5C\nKissproof 359:#CB5968\nBlush-on 165:#C09785\nBlush-on 365:#F4BAA9\nBlush-on 660:#E5A792\nBlush-on 709:#CA9089\nLight 101:#f5ca9f\nSand 102:#fabd8e\nBeige 103:#f6c6a9\nStrawberry Dream 101:#e8003e\nCherry Berry 102:#aa0833\nDolce Vita 104:#931133\nThats Me! 105:#b55672\nPinot Noir 101:#4d132c\nFrutti Di Bosco 106:#c40e54\nBerry 107:#7e1f61\nLipBalm 101:#f49d8a\nLipBalm 102:#e95342\nLipBalm 103:#C483B9\nLipBalm 104:#e58694\nLipBalm 105:#fa045b\nColor 01:#c2705b\nColor 02:#e63f75\nColor 03:#ee2f02\nColor 04:#c92240\nColor 06:#834754\nColor 10:#bd1f48\nColor 11:#7a0148\nColor 12:#b00112\nBare 01:#895142\nLight Cranberry 07:#9a3d46\nTomato 10:#a22b2d\nBlood Red 15:#831e2b\nMocha 29:#8b4543\nBrowny Brows 02:#8c746f\nChocolaty Brows 05:#604230\nEbony Brows 06:#484746\nRadiant 01:#b29686\nRadiant 02:#6b584d\nRadiant 03:#4e2c27\nRadiant 05:#5e4e59\nRadiant 08:#6d5f57\nEyebrow 002:#937154\nEyebrow 003:#88684c\nEyebrow 005:#483529\nEyebrow 006:#543721\nEyeliner 001:#0f0f0f\nEyeliner 002:#644c4c\nEyeliner 004:#19163f\nTransparent 101:#e2e2e2\nLight Beige 102:#daae91\nBanana Smart Shade 104:#eecc94\nConcealer 001:#ebc2ad\nConcealer 002:#edc8ae\nConcealer 003:#eabc9a\nWet&Dry 001:#efdbce\nWet&Dry 002:#efd5c8\nWet&Dry 003:#efd9ca\nBlush-On 002:#f3a18f\nBlush-On 003:#faa4b1\nBlush-On 004:#fa9e7b\nBlush-On 005:#f79478\nBlush-On 006:#f3af9f\nBlush-On 007:#f59d7b\nBlush-On 009:#dfa284\nBlush-On 010:#ec9c97\nSkin Editor 001:#fdcdb4\nSkin Editor 002:#f4bb9f\nSkin Editor 003:#fdc3a0\nSupernova 00:#f1eff2\nSupernova 01:#f38c98\nSupernova 02:#cd918a\nSupernova 03:#cb9890\nSupernova 05:#c68c89\nSupernova 06:#d3837e\nSupernova 07:#bb7d77\nSupernova 08:#bc7972\nSupernova 09:#f39e99\nSupernova 10:#f98281\nSupernova 11:#ee3327\nSupernova 13:#d59d8e\nSupernova 14:#b3827c\nSkin-Editor 01:#deb79c\nSkin-Editor 02:#dcb993\nSkin-Editor 03:#dea77e\nLipPaint 01:#edc7ba\nLipPaint 02:#e39889\nLipPaint 03:#b97f76\nLipPaint 04:#ae695e\nLipPaint 05:#ae756c\nLipPaint 06:#d73a3c\nLipPaint 07:#bc7775\n3IN1 001:#facaa7\n3IN1 002:#efb388\n3IN1 003:#efb589\n3IN1 004:#ecad7a\nLipGloss 003:#964f54\nLipGloss 006:#8a5d5e\nLipGloss 011:#a27271\nLipGloss 020:#9d5261\nLipGloss 021:#9f6e6c\nLipGloss 033:#8e5252\nInstyle 001:#f6d5bf\nInstyle 002:#f8d4b1\nInstyle 003:#f4cab0\nEyebrow 149:#3f3a3a\nEyebrow 200:#47251b\nEyebrow 220:#4d2617\nEyebrow 320:#94695a\nMedium Fawn 40:#dba27b\nLight Ivory 20:#DAC7BE\nLipink 01:#c78881\nLipink 03:#9e5c6a\nLipink 301:#d19b95\nLipink 502:#95335a\nFoundation 335:#d2a285\nFoundation 410:#ca9476\nFoundation 415:#c38d66\nFoundation 445:#c2865f\nFoundation 505:#ab724a\nFoundation 530:#81502e\nHealthy Beige 15:#ab8060\nSweet Honey 18:#ae8165\nSpicy Almond 20:#af7e55\nLight Cognac 25:#be8d60\nNatural Shell 30:#c7a178\nNatural Wheat 35:#c18b6a\nMaybelline 05:#e4c3ac\nMaybelline 10:#cb9f7e\nMaybelline 32:#d39d79\nMaybelline 40:#c59a7d\nMaybelline 48:#e2ac8c\nDream Velvet 05:#f6e3d5\nDream Velvet 20:#eac9b8\nDream Velvet 40:#e9ab94\nDream Velvet 50:#e2bfaa\nPowder Foundation 118:#fed3b1\nPowder Foundation 120:#e1b68b\nPowder Foundation 123:#dcaf86\nPowder Foundation 128:#E2C6B0\nPowder Foundation 230:#ebb691\nConcealer 05:#fcddc7\nConcealer 10:#fed3bb\nConcealer 15:#fcd0af\nConcealer 20:#f7c697\nConcealer 25:#f7c09f\nDream Matte 04:#c9ad9e\nDream Matte 08:#ddc6ba\nDream Matte 010:#e5cbba\nDream Matte 032:#bf8c6d\nInfallible Matte 25:#f6d1bb\nInfallible Matte 110:#ecb69e\nInfallible Matte 115:#ebbb9b\nInfallible Matte 145:#e6aa90\nInfallible Matte 155:#fccbb5\n53:#F7D9AE\n112:#e3c7b2\n104:#ffeae3\nmedium brown:#52463a\ndark brown:#563718\nBirthday Suit:#b96141\nLove Cake:#d16774\nHush Hush:#df7f62\nSwipe Right:#a33432\nCutie Pie:#ba6155\nReal Deal:#b05460\nshimmer 02:#e5c7ad\nshimmer 03:#daa467\nshimmer 04:#a35a38\nCB 11:#ED9E7E\nCB 09:#f4a393\nLight Rose 01:#edd9ce\nWarm Rose 02:#eccec3\nLight Beige 03:#e5c6b2\nWarm Beige 04:#e7c3a1\nDeep Emerald 33:#203F3C\nOlive 13:#585B3E\nRosy Plum 12:#952939\nPure Red 14:#A4121F\nCranberry 08:#81343C\nPink Tint 02:#954A44\nFuchsia 09:#B2214A\nNatural 03:#914138\nPeachy 05:#A64741\nNavy 15:#373B47\nAllday 26:#E77174\nAllday 25:#B0123C","enable_free_shipping":false,"free_shipping_amount":50,"product_deliverytime_in_stock":"","product_deliverytime_not_in_stock":"","shipping_timer_show_from":"07:00:00","shipping_timer_enable_3":true,"shipping_timer_enable_5":false,"shipping_timer_enable_6":true,"shipping_timer_enable_7":true,"whatsapp":962787080888,"social_instagram":"https:\/\/www.instagram.com\/brandvip.me\/","social_instagram_name":"BRANDVIP.ME","social_pinterest":"","social_pinterest_name":"","social_youtube":"","social_youtube_name":"","social_facebook":"https:\/\/web.facebook.com\/profile.php?id=61552255941164","social_facebook_name":"Brand Vip","social_twitter":"","social_twitter_name":"","show_newsletterpopup":false,"newsletter_popup_seconds":1,"newsletter_terms_text":"<p>I accept the <a href=\"\/policies\/privacy-policy\" title=\"Privacy Policy\">privacy policy<\/a>","show_cookiebanner":"none","cookiebanner_title":"Good to have you here!","cookiebanner_text":"<p>Our shop uses cookies. By clicking on Accept you are agreeing to our <a href=\"\/policies\/terms-of-service\" target=\"_blank\" title=\"Terms of Service\">terms of service<\/a> and <a href=\"\/policies\/privacy-policy\" target=\"_blank\" title=\"Privacy Policy\">privacy policy<\/a>.<\/p>","checkout_logo_size":"small","checkout_accent_color":"#ff824c","checkout_button_color":"#ff824c","checkout_error_color":"#e93d3d","enable_quick_buy_desktop":false,"enable_quick_buy_mobile":false,"enable_quick_buy_qty_selector":true,"newsletter_show_check":false,"product_deliverytime":"","cookiebar_text":"<p>Our shop uses cookies. By clicking on Accept you are agreeing to our <a href=\"\/policies\/terms-of-service\" target=\"_blank\" title=\"Terms of Service\">terms of service<\/a> and <a href=\"\/policies\/privacy-policy\" target=\"_blank\" title=\"Privacy Policy\">privacy policy<\/a>.<\/p>","newsletter_terms_link":"","sections":{"main-account":{"type":"main-account","settings":{"overlay_opacity":25,"color_palette":"dark","text_position":"text-start","text":"<p>Give your customer more details about your online store.<\/p>","show_phone_link":true,"show_mail_link":true,"show_whatsapp_link":true}},"main-account-login":{"type":"main-account-login","blocks":{"main-account-login-block-usp-1":{"type":"usp","settings":{"usp":""}}},"block_order":["main-account-login-block-usp-1"],"settings":{}},"main-account-register":{"type":"main-account-register","settings":{}},"header":{"type":"header","blocks":{"header-block-button-1":{"type":"button","settings":{"show_mobile":false,"button_menu":"main-menu","button_color":"accent"}},"header-block-usp-1":{"type":"usp","settings":{"usp":"<p> Give your customers details about your online store<\/p>"}},"8a42768e-1596-4cb5-9fa9-9b6e73299876":{"type":"usp","settings":{"usp":"<p>Give your customers more details about your online store<\/p>"}}},"block_order":["header-block-button-1","header-block-usp-1","8a42768e-1596-4cb5-9fa9-9b6e73299876"],"settings":{"layout":"layout_1","top_bar_color":"light","header_color":"dark","search_color":"white","menubar_color":"light","logo_width":140,"svg_logo":"","show_top_bar":true,"enable_country_selector":true,"enable_language_selector":true,"navbar_menu_item_text":"Contact us","navbar_menu_item_link":"shopify:\/\/pages\/contact","enable_usp_slider":false,"enable_usp_slider_arrows":true,"enable_usp_slider_autoplay":true,"usp_slider_autoplay_seconds":3,"enable_sticky_header":true,"sticky":"sticky-header","cart_icon":"cart|e903","cart_icon_color":"accent","menubar_menu":"main-menu","menu_layout":"mega","show_dropdown_images":true,"show_dropdown_images_autofill":false,"menubar_center":false,"main_menu_items_clickable":true,"menubar_caps":false,"sale_highlight":true,"menu_font":"body","menu_items_limit":5,"enable_socials":true,"extra_image_width":130,"extra_image_svg":"","extra_image_link":"","disable_online_store":false,"logo_width_mobile":140,"mobile_svg_logo":"","search_compact_mobile":false}},"main-giftcard":{"type":"main-giftcard","settings":{"show_logo":true,"logo_width":250,"svg_logo":"","show_logo_giftcard":true,"logo_width_on_giftcard":130,"giftcard_background_color":"#eb5757","giftcard_text_color":"#ffffff"}},"sticky-add-to-cart":{"type":"sticky-add-to-cart","settings":{"enable":false,"position":"bottom","show_variant_picker":true,"show_unavailable_variants":true,"show_tax":false,"show_amount_selection":true,"preorder":false,"hide_in_theme_editor":false,"show_mobile":true}}},"content_for_index":[],"blocks":{"874997913381123487":{"type":"shopify:\/\/apps\/social-login-by-devcloud\/blocks\/automatic_login\/8de41085-9237-4829-86d0-25e862482fec","disabled":false,"settings":{"appblock_width":100,"code_integration":false}},"5394799768760407377":{"type":"shopify:\/\/apps\/whatsapp-chat-button\/blocks\/widget\/766ee640-8263-4564-82fe-7d2909b243ad","disabled":false,"settings":{}},"9696655121035291526":{"type":"shopify:\/\/apps\/rapi\/blocks\/app-embed\/99617c17-a32b-4e70-a883-7a155610d032","disabled":false,"settings":{}}}},"presets":{"Maximum":{"enable_accessibility_default":false,"banners_clickable":true,"palette_black":"#0b1613","palette_light":"#fafafa","palette_dark":"#378cde","palette_accent":"#f0702c","palette_light_2":"#f4f4f4","palette_light_gradient":"linear-gradient(120deg, rgba(244, 244, 244, 1), rgba(239, 179, 76, 0.51) 100%)","palette_dark_gradient":"linear-gradient(320deg, rgba(232, 74, 147, 1) 4%, rgba(239, 179, 76, 1) 100%)","title_color":"black","text_color":"black","body_background_color":"#FFFFFF","positive_vibes":"#64cd82","negative_vibes":"#e93d3d","regular_button_color":"#f0702c","buy_button_color":"#64cd82","buy_button_text_color":"#FFFFFF","dynamic_buy_button_color":"#0b1613","price_color":"#1a3945","compare_at_price_color":"#e93d3d","product_label_color":"#12262f","product_label_text_color":"#ffffff","sale_label_color":"#e93d3d","sale_label_text_color":"#FFFFFF","heading_font":"inter_n8","body_font":"inter_n4","mobile_font_size":"22px","button_height":"size-m","button_style":"solid","button_rounded":"slightly-rounded","everything_rounded":true,"product_image_ratio":"310x310","fill_product_images":false,"enable_quick_buy_desktop":false,"enable_quick_buy_mobile":false,"enable_quick_buy_qty_selector":true,"show_article_author":true,"show_article_excerpt":false,"checkout_logo_size":"small","checkout_accent_color":"#ea558d","checkout_button_color":"#64cd82","checkout_error_color":"#e93d3d"},"Creative":{"enable_accessibility_default":false,"banners_clickable":true,"palette_black":"#1e1f20","palette_light":"#f3f1ee","palette_dark":"#1e1f20","palette_accent":"#71c68a","palette_light_2":"#f3f1ee","palette_light_gradient":"linear-gradient(146deg, rgba(217, 221, 206, 1) 4%, rgba(255, 255, 255, 1) 99%)","palette_dark_gradient":"linear-gradient(167deg, rgba(79, 158, 111, 1) 3%, rgba(112, 198, 137, 1) 100%)","title_color":"black","text_color":"black","body_background_color":"#f3f1ee","positive_vibes":"#64cd82","negative_vibes":"#e93d3d","regular_button_color":"#ff824c","buy_button_color":"#64cd82","buy_button_text_color":"#FFFFFF","dynamic_buy_button_color":"#1e1f20","price_color":"#1e1f20","compare_at_price_color":"#938f9c","product_label_color":"#1e1f20","product_label_text_color":"#ffffff","sale_label_color":"#e93d3d","heading_font":"avenir_next_n7","body_font":"sans-serif","mobile_font_size":"18px","button_height":"size-l","button_style":"solid","button_rounded":"slightly-rounded","everything_rounded":true,"product_image_ratio":"none","fill_product_images":true,"multiply_product_images":true,"multiply_collection_images":"multiply","enable_quick_buy_desktop":false,"enable_quick_buy_mobile":false,"enable_quick_buy_qty_selector":true,"checkout_accent_color":"#ff824c","checkout_button_color":"#ff824c","checkout_error_color":"#e93d3d"},"Minimal":{"enable_accessibility_default":false,"banners_clickable":true,"palette_black":"#1d1c1c","palette_light":"#e1e1e1","palette_dark":"#464543","palette_accent":"#1d1c1c","palette_light_2":"#f4f2ed","palette_light_gradient":"linear-gradient(120deg, rgba(236, 243, 244, 1), rgba(244, 242, 237, 1) 100%)","palette_dark_gradient":"linear-gradient(341deg, rgba(214, 210, 203, 1) 19%, rgba(159, 144, 134, 1) 100%)","title_color":"black","text_color":"dark","body_background_color":"#FFFFFF","positive_vibes":"#8ba4a9","negative_vibes":"#a73d3d","regular_button_color":"#1d1c1c","buy_button_color":"#1d1c1c","buy_button_text_color":"#FFFFFF","dynamic_buy_button_color":"#8ba4a9","price_color":"#1d1c1c","compare_at_price_color":"#8b8b8b","product_label_color":"#8b8b8b","product_label_text_color":"#ffffff","sale_label_color":"#8ba4a9","heading_font":"avenir_next_n6","body_font":"sans-serif","mobile_font_size":"22px","button_height":"size-m","button_style":"inv","button_rounded":"square","everything_rounded":false,"product_image_ratio":"310x430","fill_product_images":true,"multiply_collection_images":"none","enable_quick_buy_desktop":false,"enable_quick_buy_mobile":false,"enable_quick_buy_qty_selector":true,"checkout_logo_size":"small","checkout_body_background_color":"#ffffff","checkout_sidebar_background_color":"#f2f2f1","checkout_accent_color":"#8ba4a9","checkout_button_color":"#1d1c1c","checkout_error_color":"#a73d3d"},"Wholesale":{"enable_accessibility_default":false,"banners_clickable":true,"palette_black":"#121723","palette_light":"#f7f7f7","palette_dark":"#2c374d","palette_accent":"#3ab0d8","palette_light_2":"#eef5f7","palette_light_gradient":"linear-gradient(120deg, rgba(145, 212, 234, 0.3), rgba(245, 215, 73, 0.2) 100%)","palette_dark_gradient":"linear-gradient(320deg, rgba(245, 215, 73, 1) 4%, rgba(145, 212, 234, 1) 100%)","title_color":"black","text_color":"dark","body_background_color":"#FFFFFF","positive_vibes":"#95bf47","negative_vibes":"#e93d3d","regular_button_color":"#2c374d","buy_button_color":"#2c374d","buy_button_text_color":"#FFFFFF","dynamic_buy_button_color":"#121723","price_color":"#2c374d","compare_at_price_color":"#808793","product_label_color":"#3ab0d8","product_label_text_color":"#ffffff","sale_label_color":"#e93d3d","heading_font":"neue_haas_unica_n6","body_font":"sans-serif","mobile_font_size":"22px","button_height":"size-m","button_style":"plain","button_rounded":"slightly-rounded","button_font":"body","everything_rounded":false,"product_image_ratio":"310x310","fill_product_images":false,"multiply_collection_images":"none","checkout_logo_size":"small","checkout_sidebar_background_color":"#eef5f7","checkout_accent_color":"#3ab0d8","checkout_button_color":"#2c374d","checkout_error_color":"#e93d3d"}},"platform_customizations":{"custom_css":[".price {font-size: 1.2rem !important;}",".old-price {padding-right: 12px !important;}",".rapi-bundles__bar label {min-height: 0px !important;}",".rapi-bundles__bar label .rapi-bundles__bar-main {padding: 0px !important;}",".rapi-bundles__bar label .rapi-bundles__bar-most-popular__content {font-size: 8px !important;}",".rapi-bundles__bar label .rapi-bundles__bar-main .rapi-offer-radio {margin-bottom: 0% !important;}",".rapi-bundles__bar label .rapi-bundles__bar-main .rapi-bundles__bar-content {display: inline-flex !important;}",".rapi-bundles .rapi-bundles__bar-title {font-size: 12px !important;}",".rapi-bundles .rapi-bundles__bar-price {font-size: 12px !important;}"]}}